title,publishedAt,companyName,applicationsCount,contractType,experienceLevel,workType,sector,Extracted_Skills,Extracted_Location,City
Business Analyst,2024-08-20,Carnival Cruise Line,Over 200 applicants,Full-time,Associate,"Research, Analyst, and Information Technology",Travel Arrangements,"Excel, Tableau, Hyperion, Microsoft Office, R, Communication, Analytical",Miami,Miami
Business Analyst,2024-08-27,"Relevante, Inc.",Over 200 applicants,Full-time,Associate,"Research, Analyst, and Information Technology",Banking,"SQL, Excel, Microsoft Office, R",New York,New York
Business Analyst,2024-08-28,Inceed,Over 200 applicants,Contract,Mid-Senior level,"Research, Analyst, and Information Technology",Staffing and Recruiting,"R, Communication, Analytical",Denver,Denver
Business Analyst,2024-07-22,"ShiftCode Analytics, Inc.",189 applicants,Full-time,Mid-Senior level,"Research, Analyst, and Information Technology",Accounting and Business Consulting and Services,"Python, Excel, Power BI, Tableau, R, Statistics, Communication, Analytical",New York,New York
Business Analyst,2024-08-23,InterEx Group,Over 200 applicants,Contract,Mid-Senior level,Analyst and Information Technology,"Staffing and Recruiting, Retail, and Personal Care Product Manufacturing","R, AWS, Communication",New York,New York City Metropolitan Area
"Job Oportunity - Business Analyst- Chicago, IL",2024-08-16,"Donato Technologies, Inc.",33 applicants,Contract,Associate,"Research, Analyst, and Information Technology",IT Services and IT Consulting,"Excel, R, Communication, Analytical",Chicago,Chicago
Business Analyst,2024-02-24,Syntricate Technologies,Over 200 applicants,Full-time,Entry level,"Research, Analyst, and Information Technology",Information Technology & Services,"Excel, Power BI, Tableau, Microsoft Office, R",New York,New York
Business Analyst - 100% Remote (REF1666V),2024-09-05,Citizant,196 applicants,Full-time,Mid-Senior level,"Research, Analyst, and Information Technology",IT Services and IT Consulting,"Excel, R, Communication",Washington,Arlington
Business Analyst,2024-05-07,Accroid Inc,147 applicants,Contract,Associate,"Research, Analyst, and Information Technology",IT Services and IT Consulting,"SQL, Excel, Tableau, R",Seattle,Seattle
Business Analyst 2,2024-06-11,Accroid Inc,89 applicants,Contract,Associate,"Research, Analyst, and Information Technology",IT Services and IT Consulting,"Excel, R, Communication, Analytical",Columbus,Columbus
Looking for Business Analyst,2024-07-25,Steneral Consulting,72 applicants,Full-time,Associate,"Research, Analyst, and Information Technology",IT Services and IT Consulting,R,Phoenix,Phoenix
Business Analyst (BA),2024-05-10,Software Technology Inc.,42 applicants,Full-time,Associate,"Research, Analyst, and Information Technology",Information Technology & Services,"SQL, Power BI, Microsoft Office, R, Analytical",Atlanta,Atlanta
Business Analyst,2024-04-02,Steneral Consulting,141 applicants,Contract,Associate,"Research, Analyst, and Information Technology",Software Development,"R, Communication, Analytical",New York,New York
Senior Business Analyst,2024-03-18,"Anveta, Inc",93 applicants,Contract,Associate,"Research, Analyst, and Information Technology",IT Services and IT Consulting,"R, Communication",Indianapolis,Indianapolis
Business Analyst,2023-05-16,Censeo Consulting Group,Be among the first 25 applicants,Full-time,Entry level,"Research, Analyst, and Information Technology",Business Consulting and Services,"Excel, R, AWS, Communication, Analytical",Washington,Washington
Business Analyst,2024-05-14,"Princeton IT Services, Inc",125 applicants,Full-time,Associate,"Research, Analyst, and Information Technology",Information Technology & Services,"SQL, R, Communication",New York,New York
Business Analyst (REMOTE),2024-03-29,Serigor Inc,Over 200 applicants,Contract,Mid-Senior level,"Research, Analyst, and Information Technology",Internet Publishing,"Excel, R, Communication, Analytical",Raleigh,Raleigh
Business Analyst,2024-08-28,Talent,Over 200 applicants,Full-time,Associate,Product Management,Hospitals and Health Care,"Excel, Microsoft Office, R, Communication",Philadelphia,Philadelphia
Business Analyst,2024-07-25,Pacer Staffing LLC,102 applicants,Full-time,Associate,"Research, Analyst, and Information Technology",Staffing and Recruiting,R,Atlanta,Atlanta
Business Process Analyst,2024-09-03,TALENT Software Services,Over 200 applicants,Full-time,Mid-Senior level,Analyst,Financial Services,"Excel, Power BI, R, Communication",Chicago,Chicago
Business Analyst,2024-08-13,Tata Consultancy Services,Over 200 applicants,Full-time,Associate,Information Technology,IT Services and IT Consulting,"Python, SQL, Excel, R, Communication, Analytical",Atlanta,Atlanta
Business Analyst I,2024-08-01,Mentis Systems,Over 200 applicants,Contract,Associate,"Research, Analyst, and Information Technology",IT Services and IT Consulting,"R, Communication",Houston,Houston
Business Analyst,2024-08-26,Brooksource,Over 200 applicants,Full-time,Entry level,Analyst and Information Technology,IT Services and IT Consulting,"Excel, R, AWS, Statistics, Communication",Columbus,Columbus
Business Analyst,2024-08-30,IntePros,Over 200 applicants,Full-time,Mid-Senior level,"Research, Analyst, and Information Technology",IT Services and IT Consulting,"Excel, R, Communication, Analytical",New York,New York
Business Analyst Jr,2024-08-23,nLeague Services Inc.,68 applicants,Contract,Associate,"Research, Analyst, and Information Technology",Software Development,"Excel, R, Communication",Nashville,Nashville
Business Analyst,2024-09-06,IntePros,Over 200 applicants,Full-time,Mid-Senior level,"Research, Analyst, and Information Technology",IT Services and IT Consulting,"SQL, Excel, R, Communication",New York,New York
Business Analyst - Bellevue,2023-12-16,Resulticks,134 applicants,Full-time,Director,"Research, Analyst, and Information Technology",Internet Publishing,"R, AWS, Communication, Analytical",New York,Bellevue
Business Analyst,2024-09-05,HCLTech,Over 200 applicants,Full-time,Mid-Senior level,Finance,Business Consulting and Services and Banking,R,San Antonio,Texas
Business Analyst,2024-06-05,Webologix Global,141 applicants,Contract,Associate,"Research, Analyst, and Information Technology",IT Services and IT Consulting,"R, Communication",Los Angeles,Los Angeles
Business Analyst (REMOTE),2023-12-21,Serigor Inc,Over 200 applicants,Contract,Mid-Senior level,"Research, Analyst, and Information Technology",Information Technology & Services,R,Minneapolis,Minneapolis
Business Analyst,2024-08-27,San Diego Gas & Electric,Over 200 applicants,Full-time,Associate,Analyst,Utilities,R,San Diego,San Diego
Business Analyst,2024-08-23,Datum Technologies Group,Be among the first 25 applicants,Full-time,Mid-Senior level,Other,IT Services and IT Consulting,R,Atlanta,Atlanta
Business Analyst,2024-08-27,Sterling Engineering,Over 200 applicants,Full-time,Mid-Senior level,"Analyst, Business Development, and Finance","Utilities, Construction, and Oil and Gas","Excel, Power BI, R, Communication, Analytical",Atlanta,Atlanta Metropolitan Area
Business Analyst 4,2024-05-20,"Anveta, Inc",109 applicants,Contract,Associate,"Research, Analyst, and Information Technology",IT Services and IT Consulting,R,Columbus,Columbus
Business Analyst,2024-02-06,Sky Consulting Inc.,128 applicants,Contract,Associate,"Research, Analyst, and Information Technology",Staffing and Recruiting,"Excel, R, Azure, Communication",Washington,Washington
Business Analyst,2024-09-07,GD Resources,50 applicants,Contract,Mid-Senior level,"Research, Analyst, and Information Technology",Internet Publishing,"Excel, R, Communication",Baltimore,Baltimore
Business Analyst,2024-09-05,Genesis10,60 applicants,Full-time,Mid-Senior level,Other,IT Services and IT Consulting,"SQL, Excel, R, Communication",New York,New York
Senior Business Analyst - 100% Remote (REF1563D),2024-09-05,Citizant,114 applicants,Full-time,Mid-Senior level,"Research, Analyst, and Information Technology",IT Services and IT Consulting,"Excel, R, Communication",Washington,Chantilly
Business Analyst,2024-08-30,LTIMindtree,Over 200 applicants,Full-time,Mid-Senior level,Analyst,IT Services and IT Consulting,"R, Communication, Analytical",Tampa,Jersey City
Senior Business Analyst,2024-03-18,"Anveta, Inc",86 applicants,Contract,Associate,"Research, Analyst, and Information Technology",IT Services and IT Consulting,"R, Communication",Indianapolis,Indianapolis
Senior Business Analyst,2024-04-16,Steneral Consulting,79 applicants,Full-time,Associate,"Research, Analyst, and Information Technology",IT Services and IT Consulting,"Microsoft Office, R, Communication, Analytical",Houston,Chicago
Business Analyst I,2024-06-26,"CrossTech Consulting Group, Inc.",31 applicants,Full-time,Mid-Senior level,Other,IT Services and IT Consulting,"SQL, R",Philadelphia,Philadelphia
Entry-Level Business Analyst,2024-09-05,Futuristic Underwriters,Over 200 applicants,Full-time,Entry level,Analyst,Insurance,"Excel, Microsoft Office, R, Communication, Analytical",Dallas,Dallas-Fort Worth Metroplex
Business Analyst,2024-07-03,Pacer Staffing LLC,83 applicants,Full-time,Associate,"Research, Analyst, and Information Technology",Staffing and Recruiting,"SQL, Power BI, R, Communication, Analytical",Atlanta,Atlanta
Business Analyst,2024-08-15,Royal Enfield,Over 200 applicants,Full-time,Associate,Analyst and Administrative,Motor Vehicle Manufacturing,"Excel, R",Dallas,Dallas
Business Analyst,2024-05-10,Software Technology Inc.,39 applicants,Full-time,Associate,"Research, Analyst, and Information Technology",Information Technology & Services,"Excel, R, Communication",Atlanta,Atlanta
Business Analyst,2024-09-03,TIMBER,Over 200 applicants,Contract,Mid-Senior level,Analyst and Information Technology,IT Services and IT Consulting,"R, Communication",Seattle,SeaTac
Business Analyst,2024-08-20,Crawford Thomas Recruiting,Over 200 applicants,Full-time,Mid-Senior level,"Information Technology, Analyst, and Quality Assurance",Software Development,"SQL, Excel, Microsoft Office, R, Communication, Analytical",Orlando,Orlando
Business Analyst CS,2024-08-21,Enexus Global Inc.,109 applicants,Contract,Associate,"Research, Analyst, and Information Technology","Software Development, Information Services, and IT Services and IT Consulting","Excel, R, Communication",San Francisco,San Francisco
Business Analyst,2024-09-06,Eleven Recruiting,179 applicants,Contract,Mid-Senior level,Analyst,Investment Banking,"R, Communication",New York,New York
Business analyst,2024-08-02,Stellar Professionals,41 applicants,Contract,Associate,"Research, Analyst, and Information Technology",Government Administration and Government Relations Services,R,Nashville,Antioch
Business Analyst,2024-08-21,NBCUniversal,Over 200 applicants,Full-time,Associate,Information Technology,"Broadcast Media Production and Distribution, Entertainment Providers, and Media Production","Excel, R, Azure, Analytical",Los Angeles,Universal City
Business analyst,2024-08-02,Stellar Professionals,60 applicants,Contract,Associate,"Research, Analyst, and Information Technology",Government Administration and Government Relations Services,R,Indianapolis,Indianapolis
Business Analyst - Entry Level,2024-08-28,CGI,Over 200 applicants,Full-time,Mid-Senior level,"Research, Analyst, and Information Technology",IT Services and IT Consulting,"R, AWS",Los Angeles,Los Angeles
Business Analyst,2024-04-09,Software Technology Inc.,52 applicants,Full-time,Mid-Senior level,Other,IT Services and IT Consulting,"Excel, R, Communication",Atlanta,Atlanta
Business Analyst,2024-08-22,"V-Soft Consulting Group, Inc.",Over 200 applicants,Contract,Mid-Senior level,"Research, Analyst, and Information Technology",IT Services and IT Consulting,"Excel, Microsoft Office, R, AWS, Communication, Analytical",Atlanta,Atlanta
Business Analyst,2024-07-24,Bright Mind Solutions LLC,140 applicants,Contract,Associate,"Research, Analyst, and Information Technology","Computer and Network Security, Computer Networking Products, and Software Development","R, Communication",Austin,Austin
Business Analyst -- Entry Level,2024-08-28,CGI,Over 200 applicants,Full-time,Mid-Senior level,"Research, Analyst, and Information Technology",IT Services and IT Consulting,"R, AWS",Los Angeles,Los Angeles
Business Analyst,2024-09-06,Rolls-Royce,179 applicants,Full-time,Mid-Senior level,"Research, Analyst, and Information Technology",Industrial Machinery Manufacturing,"Excel, R",Indianapolis,Greater Indianapolis
Business Analyst,2024-08-30,HatchPros,105 applicants,Full-time,Associate,"Research, Analyst, and Information Technology",Staffing and Recruiting,"Excel, R, Communication",Minneapolis,Denver
Business Analyst,2024-04-18,Wizcom Corporation (Formerly Dextro Software Systems),127 applicants,Contract,Associate,"Research, Analyst, and Information Technology",Staffing and Recruiting,R,Phoenix,Scottsdale
Business analyst,2024-08-02,Stellar Professionals,77 applicants,Contract,Associate,"Research, Analyst, and Information Technology",Government Administration and Government Relations Services,R,Atlanta,Atlanta
Business Analyst,2024-09-03,Eliassen Group,Over 200 applicants,Contract,Entry level,Product Management,Financial Services,R,Boston,Boston
Business analyst,2024-08-02,Stellar Professionals,71 applicants,Contract,Associate,"Research, Analyst, and Information Technology",Government Administration and Government Relations Services,R,Seattle,Seattle
Business Analyst,2024-08-29,Genesis10,109 applicants,Full-time,Mid-Senior level,Other,IT Services and IT Consulting,"Excel, R, Communication, Analytical",New York,New York
Business Analyst,2024-05-20,Steneral Consulting,70 applicants,Full-time,Associate,"Research, Analyst, and Information Technology",IT Services and IT Consulting,R,Columbus,Columbus
Business Analyst,2024-05-10,Software Technology Inc.,37 applicants,Full-time,Associate,"Research, Analyst, and Information Technology",Information Technology & Services,"Excel, Microsoft Office, R, AWS, Communication, Analytical",Atlanta,Atlanta
Business Analyst,2024-05-28,"Conch Technologies, Inc",Over 200 applicants,Contract,Associate,"Research, Analyst, and Information Technology",IT Services and IT Consulting,"Excel, R, Communication, Analytical",New York,New York
Senior Business Analyst,2024-04-01,Steneral Consulting,97 applicants,Contract,Associate,"Research, Analyst, and Information Technology",Software Development,"Excel, R, Azure, Communication, Analytical",Chicago,Chicago
Business Analyst III,2024-07-19,Accroid Inc,132 applicants,Contract,Associate,"Research, Analyst, and Information Technology",IT Services and IT Consulting,"Excel, R, Communication, Analytical",Chicago,Chicago
Healthcare Business Analyst,2024-09-03,IntePros,Over 200 applicants,Full-time,Mid-Senior level,"Research, Analyst, and Information Technology",IT Services and IT Consulting,"Excel, Microsoft Office, R, Communication",Philadelphia,Philadelphia
Business Analyst,2024-08-30,The Ash Group,Over 200 applicants,Full-time,Mid-Senior level,Analyst,"Utilities and Technology, Information and Media",R,Minneapolis,Denver Metropolitan Area
Business Process Analyst,2024-08-28,Kforce Inc,Over 200 applicants,Contract,Entry level,Management and Manufacturing,Venture Capital and Private Equity Principals and Banking,"Excel, R, Communication",Chicago,Chicago
Business Analyst,2024-06-25,Stellar Professionals,102 applicants,Contract,Associate,"Research, Analyst, and Information Technology","Government Administration, Government Relations Services, and Information Services","Excel, R",Atlanta,Atlanta
Business Analyst Consultant,2024-09-03,HireKeyz Inc,97 applicants,Contract,Associate,"Research, Analyst, and Information Technology",Staffing and Recruiting,"Power BI, R, Communication, Analytical",Washington,Washington
"Business Analyst, Onsite Role",2024-07-16,TekIntegral,51 applicants,Full-time,Associate,"Research, Analyst, and Information Technology",Staffing and Recruiting,"SQL, Excel, Microsoft Office, R, Communication, Analytical",New York,New York
Business Analyst,2024-08-28,Forsyth Barnes,Over 200 applicants,Contract,Mid-Senior level,Analyst,Staffing and Recruiting,R,New York,New York
Business Analyst,2024-07-25,BlueWave Resource Partners,108 applicants,Full-time,Mid-Senior level,"Research, Analyst, and Information Technology",Staffing and Recruiting,"Excel, Microsoft Office, R, Communication, Analytical",Orlando,Orlando
Business Process Analyst,2024-08-26,Intelliswift Software,Over 200 applicants,Contract,Associate,Analyst,Banking,"Power BI, R",Chicago,Chicago
Business Analyst,2024-06-11,Accroid Inc,84 applicants,Contract,Associate,"Research, Analyst, and Information Technology",IT Services and IT Consulting,R,Columbus,Columbus
Senior Analyst - Corporate Strategy,2024-08-19,Macy's,Over 200 applicants,Full-time,Mid-Senior level,Analyst and Strategy/Planning,Retail and Business Consulting and Services,"Excel, Tableau, R, Communication, Analytical",New York,New York City Metropolitan Area
Agile Business Analyst,2024-03-15,ClearlyAgile,55 applicants,Full-time,Mid-Senior level,"Research, Analyst, and Information Technology",Non-profit Organizations and Primary and Secondary Education,R,Tampa,Tampa
Consulting Business Analyst,2024-08-28,W2T.io,Over 200 applicants,Contract,Mid-Senior level,Consulting and Information Technology,IT Services and IT Consulting and Hospitals and Health Care,R,Kansas City,Kansas City Metropolitan Area
Business Analyst,2024-09-04,PETADATA,100 applicants,Full-time,Associate,"Research, Analyst, and Information Technology","Technology, Information and Internet",R,Boston,Boston
Business Analyst,2024-07-13,"Pyramid Consulting, Inc",Be among the first 25 applicants,Full-time,Mid-Senior level,Other,IT Services and IT Consulting,"Excel, R, Communication",Atlanta,Atlanta
Business Analyst,2024-09-03,TIMBER,Over 200 applicants,Contract,Mid-Senior level,Analyst and Information Technology,IT Services and IT Consulting and Airlines and Aviation,"R, Communication",Seattle,Greater Seattle Area
Business Analyst,2024-07-24,Steneral Consulting,81 applicants,Full-time,Associate,"Research, Analyst, and Information Technology",Software Development,"SQL, Excel, Power BI, Microsoft Office, R, Communication, Analytical",Kansas City,Kansas City
Business Continuity Analyst,2024-08-30,"Relevante, Inc.",75 applicants,Full-time,Associate,Business Development and Sales,Banking,"Excel, Microsoft Office, R, Communication, Analytical",New York,New York
Business Analyst I,2024-08-03,"CrossTech Consulting Group, Inc.",Be among the first 25 applicants,Full-time,Mid-Senior level,Other,IT Services and IT Consulting,"SQL, R",Philadelphia,Philadelphia
Business Analyst - Mid Level (Remote),2024-04-10,Serigor Inc,174 applicants,Full-time,Associate,"Research, Analyst, and Information Technology",Information Technology & Services,"Excel, R, Communication, Analytical",Raleigh,Raleigh
Business Analyst,2024-09-06,iXceed Solutions,122 applicants,Part-time,Mid-Senior level,Health Care Provider,Staffing and Recruiting,"R, Communication, Analytical",Boston,Boston
Business Analyst,2024-08-22,Affinity Search Partners,Over 200 applicants,Full-time,Associate,Information Technology and Analyst,Hospitality,"SQL, Excel, Microsoft Office, R, Communication",Nashville,Nashville
Business analyst,2024-08-02,Stellar Professionals,48 applicants,Contract,Associate,"Research, Analyst, and Information Technology",Government Administration and Government Relations Services,R,Memphis,Memphis
Business Analyst,2024-08-02,Resourcesys Inc,66 applicants,Contract,Associate,"Research, Analyst, and Information Technology",Staffing and Recruiting,"SQL, Excel, Power BI, Microsoft Office, R, Communication, Analytical",Baltimore,Lake St Louis
"US Prime Business Analyst, US Prime",2024-08-30,Amazon,Over 200 applicants,Full-time,Not Applicable,Business Development and Information Technology,Software Development,"SQL, Excel, Power BI, Tableau, R, Communication, Analytical",Los Angeles,Los Angeles Metropolitan Area
Business Analyst,2024-09-06,KellyMitchell Group,166 applicants,Contract,Associate,"Consulting, Information Technology, and Other",IT Services and IT Consulting,"SQL, Excel, R",Washington,Seattle
Business Analyst,2024-09-05,System Soft Technologies,Over 200 applicants,Full-time,Entry level,Information Technology,IT Services and IT Consulting,"Excel, Microsoft Office, R, Communication",Austin,Austin
"US Prime Business Analyst, US Prime",2024-08-21,Amazon,Over 200 applicants,Full-time,Not Applicable,Business Development and Information Technology,Software Development,"SQL, Excel, Power BI, Tableau, R, Communication, Analytical",Los Angeles,Los Angeles Metropolitan Area
Business Analyst,2024-07-25,Steneral Consulting,110 applicants,Contract,Associate,"Research, Analyst, and Information Technology",Software Development,"SQL, Excel, Power BI, Microsoft Office, R, Communication, Analytical",Kansas City,Kansas City
Business Analyst,2024-06-26,Stellar Professionals,47 applicants,Contract,Associate,"Research, Analyst, and Information Technology","Government Administration, Government Relations Services, and Information Services","Excel, R",Columbus,Columbus
Business Analyst,2024-09-03,Indsafri,Over 200 applicants,Contract,Mid-Senior level,Information Technology,IT Services and IT Consulting,"Excel, R, Communication",Austin,Austin
Business Analyst,2024-08-30,Genesis10,40 applicants,Full-time,Mid-Senior level,Other,IT Services and IT Consulting,"R, Communication",Dallas,Denver
Business Analyst,2024-03-13,KYYBA Inc,39 applicants,Full-time,Entry level,"Research, Analyst, and Information Technology",Staffing and Recruiting,"Excel, R",Detroit,Malden
Business Analyst,2024-08-30,Mojang Studios,Over 200 applicants,Full-time,Not Applicable,Other,Software Development,"SQL, Excel, Power BI, R, AWS, Communication, Analytical",New York,Redmond
"US Prime Business Analyst, US Prime",2024-08-31,Amazon,Over 200 applicants,Full-time,Not Applicable,Business Development and Information Technology,Software Development,"SQL, Excel, Power BI, Tableau, R, Communication, Analytical",Los Angeles,Los Angeles Metropolitan Area
Business Analyst,2024-08-16,Bayside Solutions,Over 200 applicants,Contract,Mid-Senior level,Analyst and Information Technology,IT Services and IT Consulting,R,New York,New York
Business Analyst (onsite),2024-04-08,SmartIPlace,165 applicants,Full-time,Associate,"Research, Analyst, and Information Technology",Information Technology & Services,"R, Communication",Orlando,Orlando
Business Analyst,2024-09-06,Genesis10,Be among the first 25 applicants,Full-time,Mid-Senior level,Other,IT Services and IT Consulting,"SQL, Excel, R",Charlotte,Charlotte
Business Analyst,2024-06-26,Stellar Professionals,50 applicants,Contract,Associate,"Research, Analyst, and Information Technology","Government Administration, Government Relations Services, and Information Services","Excel, R",Columbus,Columbus
Business Analyst,2024-05-10,Software Technology Inc.,47 applicants,Full-time,Associate,"Research, Analyst, and Information Technology",Information Technology & Services,"R, Analytical",Raleigh,Raleigh
Business Analyst,2024-08-30,Kforce Inc,Over 200 applicants,Contract,Associate,"Research, Analyst, and Information Technology",Venture Capital and Private Equity Principals and Banking,"R, AWS, Communication",Columbus,Columbus
Business Analyst,2024-07-12,Allwyn North America,47 applicants,Full-time,Associate,Analyst,Non-profit Organizations and Primary and Secondary Education,"Excel, R, Communication, Analytical",Chicago,Chicago
Business Analyst,2024-04-20,Syntricate Technologies,77 applicants,Contract,Entry level,"Research, Analyst, and Information Technology",Information Technology & Services,R,Memphis,Memphis
Business Analyst,2024-08-26,INSPYR Solutions,Over 200 applicants,Contract,Mid-Senior level,Information Technology,Oil and Gas,"Excel, R, AWS, Azure, Communication, Analytical",Houston,Houston
Business Analyst,2024-08-20,Brooksource,Over 200 applicants,Contract,Associate,Analyst,Environmental Services,"Excel, Power BI, Tableau, Microsoft Office, R, AWS, Communication, Analytical",Houston,Houston
Business Analyst,2024-08-08,GD Resources,81 applicants,Full-time,Mid-Senior level,"Research, Analyst, and Information Technology",Internet Publishing,"Excel, R, Communication",Baltimore,Baltimore
Business Analyst,2024-05-09,Stellar Professionals,92 applicants,Contract,Associate,"Research, Analyst, and Information Technology","Government Administration, Government Relations Services, and Information Services","Excel, R",Columbus,Columbus
Business Analyst,2024-09-05,Motion Recruitment,Over 200 applicants,Contract,Mid-Senior level,Analyst,Airlines and Aviation,R,Atlanta,Atlanta
Business Analyst ( Smarts & Nasdaq ),2024-05-22,"Conch Technologies, Inc",134 applicants,Full-time,Associate,"Research, Analyst, and Information Technology",IT Services and IT Consulting,"SQL, R, AWS, Communication",Memphis,Jersey City
Business Analyst,2024-09-03,"Conch Technologies, Inc",119 applicants,Contract,Associate,"Research, Analyst, and Information Technology",IT Services and IT Consulting,"Excel, R, Communication",Columbus,Ohio
Business Analyst,2024-04-23,Dwebtech Consulting Inc.,173 applicants,Contract,Associate,"Research, Analyst, and Information Technology",Staffing and Recruiting,"Excel, R, Analytical",Charlotte,Charlotte
Business Analyst,2024-07-26,Stellar Professionals,97 applicants,Contract,Associate,"Research, Analyst, and Information Technology",Government Administration and Government Relations Services,"Excel, Microsoft Office, R, Communication, Analytical",Atlanta,Atlanta
Business Analyst,2024-04-18,Adame Services LLC,116 applicants,Contract,Associate,"Research, Analyst, and Information Technology",IT Services and IT Consulting,R,Phoenix,Phoenix
Business Analyst,2024-08-27,SMARTWORK IT SERVICES LLC (SWITS),50 applicants,Contract,Associate,"Research, Analyst, and Information Technology",IT Services and IT Consulting,"Python, R, AWS",Minneapolis,Minneapolis
Business Analyst,2024-06-25,Laksan Technologies,112 applicants,Contract,Associate,"Research, Analyst, and Information Technology",IT Services and IT Consulting,"Excel, R, Communication",Atlanta,Atlanta
Business Analyst,2024-08-20,United Way of New York City,Over 200 applicants,Full-time,Mid-Senior level,"Analyst, Information Technology, and Consulting",Non-profit Organization Management,"Python, SQL, Excel, R, AWS, Communication",New York,New York
Business Analyst IV,2024-07-30,WinMax,111 applicants,Contract,Associate,"Research, Analyst, and Information Technology",Staffing and Recruiting,"Excel, R, Communication",Austin,Austin
Senior Business Analyst,2024-04-17,HarmonyTech,83 applicants,Full-time,Mid-Senior level,"Research, Analyst, and Information Technology",Internet Publishing,"Excel, Microsoft Office, R, AWS, Communication",Washington,Washington
Business Analyst II,2024-07-26,"IT Engagements, Inc.",87 applicants,Contract,Associate,"Research, Analyst, and Information Technology",Staffing and Recruiting,"SQL, Excel, R, Communication, Analytical",Houston,Houston
Business Analyst with Varicent Expertise,2024-04-18,Dizer Corp,76 applicants,Full-time,Mid-Senior level,"Research, Analyst, and Information Technology",Software Development,"Excel, R, Communication, Analytical",San Jose,San Jose
Senior Business Analyst,2024-09-03,CitiusTech,Over 200 applicants,Full-time,Mid-Senior level,Analyst and Information Technology,IT Services and IT Consulting and Hospitals and Health Care,"Excel, R, Communication, Analytical",Nashville,Nashville Metropolitan Area
Business Analyst,2024-08-12,Marcum Search,Over 200 applicants,Full-time,Not Applicable,"Accounting/Auditing, Finance, and Legal","Accounting, Legal Services, and Law Practice","SQL, Excel, Power BI, Tableau, R, Statistics, Communication, Analytical",Los Angeles,Los Angeles Metropolitan Area
Business Analyst,2024-08-02,"Donato Technologies, Inc.",58 applicants,Full-time,Associate,"Research, Analyst, and Information Technology",IT Services and IT Consulting,"Excel, R, Communication",New York,Albany
Senior Business Analyst,2024-03-18,Dizer Corp,94 applicants,Full-time,Associate,"Research, Analyst, and Information Technology",Software Development,"R, Communication",Indianapolis,Indianapolis
Business Analyst - ADM,2024-06-10,"Donato Technologies, Inc.",108 applicants,Full-time,Associate,"Research, Analyst, and Information Technology",IT Services and IT Consulting,R,Cleveland,Cleveland
Business Analyst,2024-08-28,INSPYR Solutions,Over 200 applicants,Contract,Mid-Senior level,"Research, Analyst, and Information Technology",Oil and Gas,"SQL, Excel, Power BI, R, AWS, Communication",Houston,Houston
Business Analyst,2024-08-28,Gen3 Technology Consulting,Over 200 applicants,Full-time,Mid-Senior level,"Research, Analyst, and Information Technology",Internet Publishing,"SQL, Excel, R, Communication, Analytical",New York,St Louis
Business Analyst,2024-08-29,Genesis10,Be among the first 25 applicants,Full-time,Mid-Senior level,Other,IT Services and IT Consulting,R,Charlotte,Charlotte
Business Analyst,2024-06-10,Wise Skulls,77 applicants,Full-time,Associate,"Research, Analyst, and Information Technology",Staffing and Recruiting,"Excel, R, Communication, Analytical",Chicago,Chicago
Business Analyst,2024-09-06,Scholastic,Over 200 applicants,Full-time,Mid-Senior level,"Research, Analyst, and Information Technology","Education Administration Programs, Media Production, and Book and Periodical Publishing","Excel, R, Communication, Analytical",New York,New York
Business Analyst,2024-09-03,COGENT DATA SOLUTIONS LLC,Over 200 applicants,Contract,Mid-Senior level,"Information Technology, Analyst, and Research","IT Services and IT Consulting, Health and Human Services, and Software Development","Excel, Microsoft Office, R, Communication",Austin,Austin
Business Analyst,2024-06-24,"Donato Technologies, Inc.",80 applicants,Full-time,Associate,"Research, Analyst, and Information Technology",IT Services and IT Consulting,R,New York,Albany
Business Analyst II,2024-09-05,IntePros,166 applicants,Full-time,Mid-Senior level,"Research, Analyst, and Information Technology",IT Services and IT Consulting,"SQL, Tableau, R",Seattle,Seattle
Business Analyst,2024-05-09,Syntricate Technologies,71 applicants,Contract,Entry level,"Research, Analyst, and Information Technology",Information Technology & Services,"SQL, Tableau, R",San Diego,Nashua
Business Analyst,2024-08-26,LHH,Over 200 applicants,Full-time,Mid-Senior level,Information Technology,Insurance and Insurance Agencies and Brokerages,"Excel, R, Communication",San Diego,California
Business Analyst,2024-08-27,System Soft Technologies,Over 200 applicants,Contract,Mid-Senior level,Information Technology,IT Services and IT Consulting,R,Austin,Texas
Technical Business Analyst (Product Owner),2024-08-28,ROSE,103 applicants,Full-time,Mid-Senior level,Business Development and Sales,Internet Publishing,"Excel, R, Communication",New York,New York
Business Analyst - US Trade,2024-09-06,Aalis Management Consulting,Be among the first 25 applicants,Full-time,Mid-Senior level,"Research, Analyst, and Information Technology",Internet Publishing,"Python, Excel, Tableau, R",Washington,Washington
Business Analyst,2024-03-26,Steneral Consulting,62 applicants,Full-time,Associate,"Research, Analyst, and Information Technology",IT Services and IT Consulting,"R, Communication",Baltimore,Baltimore
Business Analyst,2024-08-29,"The Brixton Group, Inc.",Over 200 applicants,Contract,Mid-Senior level,Information Technology,IT Services and IT Consulting,"Excel, R",San Antonio,San Antonio
Business Analyst,2024-08-20,"Donato Technologies, Inc.",150 applicants,Contract,Associate,"Research, Analyst, and Information Technology",IT Services and IT Consulting,"Excel, R, Communication",Baltimore,Baltimore
Business Analyst,2024-08-28,Top Stack,Over 200 applicants,Full-time,Mid-Senior level,Project Management,Staffing and Recruiting,"Excel, R, Communication",Philadelphia,Philadelphia
Business Process Analyst,2024-08-16,Digital Prospectors,Over 200 applicants,Contract,Mid-Senior level,Business Development,Higher Education,"Excel, Microsoft Office, R, Communication",Boston,Boston
"US Prime Business Analyst, US Prime",2024-08-30,Amazon,Over 200 applicants,Full-time,Not Applicable,Business Development and Information Technology,Software Development,"SQL, Excel, Power BI, Tableau, R, Communication, Analytical",Los Angeles,New York
Business Analyst - Global Monetization Product & Tech,2024-08-25,TikTok,Over 200 applicants,Full-time,Not Applicable,"Research, Analyst, and Information Technology",Entertainment Providers,"Python, SQL, Excel, R, AWS, Statistics, Communication, Analytical",New York,San Jose
Business Analyst,2024-06-28,Wise Skulls,78 applicants,Contract,Associate,"Research, Analyst, and Information Technology",IT Services and IT Consulting,R,Chicago,Addison
Business Analyst,2024-05-10,Software Technology Inc.,30 applicants,Full-time,Associate,"Research, Analyst, and Information Technology",Information Technology & Services,"SQL, Excel, R, Communication",Atlanta,Decatur
Business Analyst,2024-09-05,The Lab Consulting,Over 200 applicants,Full-time,Mid-Senior level,Information Technology,Business Consulting and Services,"R, Communication",Houston,Greater Houston
Business Analyst,2024-04-04,Adame Services LLC,157 applicants,Contract,Associate,"Research, Analyst, and Information Technology",IT Services and IT Consulting,R,Tampa,Tampa
Business Analyst,2024-02-21,Ampcus Inc,89 applicants,Full-time,Entry level,"Research, Analyst, and Information Technology",IT Services and IT Consulting,"Excel, R, Communication, Analytical",Washington,Washington
Business Analyst,2024-05-10,Software Technology Inc.,25 applicants,Full-time,Associate,"Research, Analyst, and Information Technology",Information Technology & Services,"Excel, R, Communication",Atlanta,Decatur
Business Analyst,2024-04-09,Stellent IT,Be among the first 25 applicants,Full-time,Mid-Senior level,Other,IT Services and IT Consulting,R,Austin,Austin
Business Analyst,2024-09-06,Insight Global,57 applicants,Contract,Associate,Information Technology,Staffing and Recruiting,"Excel, R",San Diego,San Diego
Business Analyst,2024-08-29,INSPYR Solutions,Over 200 applicants,Contract,Mid-Senior level,"Research, Analyst, and Information Technology",Food and Beverage Services,"Excel, Microsoft Office, R, AWS, Communication, Analytical",Charlotte,Charlotte
Business Intake Analyst,2024-08-12,Jenner & Block,Over 200 applicants,Full-time,Not Applicable,"Administrative, Analyst, and Research",Law Practice,"R, Communication",New York,Greater Chicago Area
UI Business Analyst,2024-03-05,Syntricate Technologies,62 applicants,Contract,Entry level,"Research, Analyst, and Information Technology",Information Technology & Services,"SQL, R, Communication",Atlanta,Atlanta
Business Analyst,2024-08-22,"Creative Co-Op, Inc.",Over 200 applicants,Full-time,Mid-Senior level,Analyst,Wholesale Furniture and Home Furnishings,"SQL, Excel, Power BI, Tableau, R, Communication, Analytical",Atlanta,Memphis
Senior Business Analyst,2024-08-14,American National,Over 200 applicants,Full-time,Associate,"Analyst, Research, and Information Technology",Insurance,"Excel, Microsoft Office, R, Azure, Communication",Houston,Houston
Business Analyst - Intermediate,2024-09-06,Kforce Inc,101 applicants,Contract,Associate,"Research, Analyst, and Information Technology",Venture Capital and Private Equity Principals and Banking,R,Columbus,Columbus
Business Analyst,2024-07-12,Wise Skulls,126 applicants,Contract,Associate,"Research, Analyst, and Information Technology",Banking,R,Boston,Boston
Business Analyst ll,2024-07-13,"Pyramid Consulting, Inc",Be among the first 25 applicants,Full-time,Mid-Senior level,Other,IT Services and IT Consulting,"Excel, Microsoft Office, R, AWS, Statistics, Communication, Analytical",Atlanta,Atlanta
Business Analyst,2024-05-07,Procyon Technostructure,Over 200 applicants,Full-time,Associate,"Research, Analyst, and Information Technology",Information Technology & Services,R,Houston,Houston
Business Analyst Consultant -IV (Remote),2024-04-26,Serigor Inc,Over 200 applicants,Contract,Mid-Senior level,"Research, Analyst, and Information Technology",Internet Publishing,"SQL, R, Communication",Washington,Madison
Business Analyst,2024-08-28,Calculated Hire,193 applicants,Contract,Mid-Senior level,Consulting and Analyst,Financial Services and Banking,"SQL, Microsoft Office, R, Communication, Analytical",Charlotte,Charlotte
Healthcare Business Analyst,2024-08-12,Infosys,Over 200 applicants,Full-time,Mid-Senior level,Consulting,IT Services and IT Consulting,"SQL, Excel, R, Communication",Raleigh,Raleigh
Business Analyst,2024-05-29,Bright Mind Solutions LLC,137 applicants,Contract,Associate,"Research, Analyst, and Information Technology","Computer and Network Security, Computer Networking Products, and Software Development",R,Austin,Austin
Hiring for Business Analyst,2024-08-01,TekOne IT Services Pvt. Ltd.,Be among the first 25 applicants,Full-time,Associate,"Research, Analyst, and Information Technology",Human Resources Services,"R, Communication",Boston,Boston
Business Analyst,2024-08-20,Genesis10,Over 200 applicants,Full-time,Mid-Senior level,Other,IT Services and IT Consulting,"Excel, R, Machine Learning, Communication, Analytical",Dallas,Dallas
Business Analyst,2024-09-06,Hollstadt Consulting,104 applicants,Contract,Mid-Senior level,"Analyst, Information Technology, and Consulting","Banking, Financial Services, and Investment Banking","SQL, Excel, R, Communication, Analytical",Minneapolis,Minneapolis
Business Analyst - Spring 2024,2024-03-01,Censeo Consulting Group,Over 200 applicants,Full-time,Entry level,"Research, Analyst, and Information Technology",Business Consulting and Services,"Excel, R, AWS, Communication, Analytical",Washington,Washington
Senior Business Analyst,2024-09-04,Kforce Inc,171 applicants,Contract,Associate,"Research, Analyst, and Information Technology","Executive Offices, Government Administration, and Government Relations Services","Excel, R",Boston,Boston
Level 2 Business Analyst,2024-07-31,Steneral Consulting,77 applicants,Contract,Associate,"Research, Analyst, and Information Technology",Software Development,R,New York,Albany
Business Analyst,2024-08-27,Southpoint Consulting Inc.,Over 200 applicants,Full-time,Mid-Senior level,"Research, Analyst, and Information Technology",IT Services and IT Consulting,"Excel, Tableau, R, Communication, Analytical",Washington,Washington DC-Baltimore Area
Business Analyst,2024-09-03,System Soft Technologies,Over 200 applicants,Full-time,Mid-Senior level,Information Technology,IT Services and IT Consulting,R,Austin,Austin
Business Analyst,2024-08-27,Calculated Hire,Over 200 applicants,Contract,Associate,Analyst,Utilities,"Power BI, R",Raleigh,Raleigh
Business Analyst ( Travel Services ),2024-05-17,"Conch Technologies, Inc",72 applicants,Contract,Associate,"Research, Analyst, and Information Technology",IT Services and IT Consulting,"Excel, R, Communication, Analytical",New York,New York
Senior Business Analyst,2024-08-20,Finzly,Over 200 applicants,Full-time,Mid-Senior level,"Research, Analyst, and Information Technology","Financial Services, Banking, and Software Development","SQL, Excel, R, Communication",Charlotte,Charlotte
Business Analyst (AVP),2024-08-18,Comrise,Over 200 applicants,Full-time,Mid-Senior level,"Business Development, Analyst, and Information Technology",Banking and Financial Services,"SQL, Excel, R, Communication, Analytical",New York,New York
Business Analyst,2024-08-30,DTS,Over 200 applicants,Full-time,Entry level,"Consulting, Strategy/Planning, and Administrative","Business Consulting and Services, IT Services and IT Consulting, and E-Learning Providers","Excel, R, Communication",Washington,Arlington
Business Analyst,2024-05-15,Adame Services LLC,129 applicants,Contract,Associate,"Research, Analyst, and Information Technology",IT Services and IT Consulting,"SQL, R, AWS",San Antonio,San Antonio
Project Business Analyst,2024-09-03,Pride Health,Over 200 applicants,Contract,Mid-Senior level,Analyst and Information Technology,"Hospitals and Health Care, Hospitals, and Medical Practices","R, Communication",Philadelphia,Pennsylvania
Business Analyst,2024-08-22,ATR International,131 applicants,Contract,Mid-Senior level,Strategy/Planning and Information Technology,Staffing and Recruiting and Banking,R,Chicago,Chicago
Business Analyst,2024-04-09,Stellent IT,Be among the first 25 applicants,Full-time,Mid-Senior level,Other,IT Services and IT Consulting,"R, Communication",New York,New York
Business Analyst,2024-08-27,"Tantus Technologies, Inc.",42 applicants,Full-time,Mid-Senior level,"Research, Analyst, and Information Technology",Information Technology & Services,"R, Azure, Communication, Analytical",Washington,Washington
Business Analyst,2024-09-04,Red Hat,Over 200 applicants,Full-time,Not Applicable,Information Technology and Engineering,Software Development and IT Services and IT Consulting,"Excel, R, Communication",Raleigh,Raleigh
Business Analyst -- Entry Level,2024-08-28,CGI,Over 200 applicants,Full-time,Mid-Senior level,"Research, Analyst, and Information Technology",IT Services and IT Consulting,"SQL, Excel, Power BI, Tableau, R, AWS, Azure, Communication",Austin,Austin
"Business Analyst( Airline Domain Must )  Houston, TX",2024-05-30,"Anveta, Inc",111 applicants,Full-time,Associate,"Research, Analyst, and Information Technology",IT Services and IT Consulting,"Excel, Microsoft Office, R, Azure, Communication",Houston,Houston
"US Prime Business Analyst, US Prime",2024-09-01,Amazon,Over 200 applicants,Full-time,Not Applicable,Business Development and Information Technology,Software Development,"SQL, Excel, Power BI, Tableau, R, Communication, Analytical",Los Angeles,New York
RPA Business Analyst,2024-08-30,Wheeler Staffing Partners,Over 200 applicants,Full-time,Associate,Information Technology,Hospitals and Health Care,"SQL, Power BI, R, Communication",Dallas,Dallas
Business Analyst,2024-09-06,Apex Systems,124 applicants,Contract,Mid-Senior level,Analyst and Consulting,IT Services and IT Consulting and Hospitals and Health Care,"Excel, Microsoft Office, R, Communication",Philadelphia,Philadelphia
Business Analyst,2024-08-22,"Attorneys' Title Fund Services, Inc.",54 applicants,Full-time,Mid-Senior level,"Research, Analyst, and Information Technology",Financial Services,"Excel, Microsoft Office, R, Azure, Communication",Orlando,Greater Orlando
Business Analyst,2024-08-29,Sharp Decisions,Over 200 applicants,Full-time,Mid-Senior level,Business Development and Information Technology,Banking,"SQL, Excel, R, Communication",Tampa,Tampa
Senior Business Analyst (HYBRID),2024-06-05,Serigor Inc,73 applicants,Contract,Mid-Senior level,"Research, Analyst, and Information Technology",Internet Publishing,"SQL, Excel, Microsoft Office, R, AWS, Communication, Analytical",Raleigh,Raleigh
Business Analyst- Mid Level (ONSITE),2024-01-03,Serigor Inc,147 applicants,Contract,Mid-Senior level,"Research, Analyst, and Information Technology",Internet Publishing,"Excel, R, Communication",Raleigh,Raleigh
Business Analyst - Global Monetization Product & Tech,2024-08-28,TikTok,Over 200 applicants,Full-time,Not Applicable,"Research, Analyst, and Information Technology",Entertainment Providers,"Python, SQL, Excel, R, AWS, Statistics, Communication, Analytical",New York,San Jose
Business Analyst Alternative Investments,2024-08-07,Velocity Search Group,142 applicants,Full-time,Mid-Senior level,Other,IT Services and IT Consulting,"Excel, R, Communication, Analytical",New York,New York
Senior Business Analyst,2024-08-27,Saicon,Over 200 applicants,Contract,Mid-Senior level,Information Technology,Truck Transportation,"SQL, Excel, R, Azure, Communication, Analytical",Dallas,Dallas
Business Analyst- Mid Level,2023-12-22,Serigor Inc,105 applicants,Contract,Mid-Senior level,"Research, Analyst, and Information Technology",Internet Publishing,"Excel, R, Communication",Raleigh,Raleigh
Business Analyst,2024-09-04,Resource Data,Over 200 applicants,Full-time,Mid-Senior level,"Research, Analyst, and Information Technology",Software Development,"R, Azure",New York,Portland
Business Analyst,2024-08-12,"Affinity Group, Sales & Marketing Agency",145 applicants,Full-time,Mid-Senior level,"Research, Analyst, and Information Technology",Internet Publishing,"Excel, Power BI, R, Communication, Analytical",Chicago,Buffalo
Business Analyst,2024-08-08,Velocitor Solutions,55 applicants,Full-time,Mid-Senior level,"Research, Analyst, and Information Technology",Software Development,"SQL, Excel, Tableau, R, Communication, Analytical",Charlotte,Charlotte
Business Analyst -- Entry Level,2024-08-28,CGI,Over 200 applicants,Full-time,Mid-Senior level,"Research, Analyst, and Information Technology",IT Services and IT Consulting,"R, AWS, Azure, Communication",Dallas,Dallas
Business Analyst,2024-09-03,Mindlance,Over 200 applicants,Contract,Mid-Senior level,Information Technology,Information Services,"SQL, Power BI, Tableau, R",Washington,Washington
Business Analyst,2024-08-20,CloudMasonry,43 applicants,Full-time,Mid-Senior level,"Research, Analyst, and Information Technology","Technology, Information and Internet",R,Indianapolis,Indianapolis
Business Analyst (Mid),2024-08-22,"Pyramid Consulting, Inc",Over 200 applicants,Contract,Not Applicable,Analyst,Public Relations and Communications Services,"SQL, Excel, Power BI, R, AWS, Communication, Analytical",Baltimore,Baltimore
Senior Business Analyst,2024-08-28,Harnham,Over 200 applicants,Full-time,Associate,Finance and Analyst,Financial Services,"SQL, Power BI, Tableau, R, Statistics, Communication, Analytical",Chicago,Greater Chicago Area
Business Analyst,2024-05-13,Genesis10,173 applicants,Full-time,Mid-Senior level,Other,IT Services and IT Consulting,"SQL, R, AWS, Communication",Dallas,Milwaukee
GW Business Analyst,2024-03-05,Syntricate Technologies,58 applicants,Contract,Entry level,"Research, Analyst, and Information Technology",Information Technology & Services,"SQL, R, AWS",San Antonio,Plano
Business Analyst - Enterprise,2024-08-08,Genesis10,60 applicants,Full-time,Mid-Senior level,Other,IT Services and IT Consulting,"SQL, Excel, Tableau, R, Communication, Analytical",Dallas,Milwaukee
Senior Business Analyst,2024-08-30,Harnham,156 applicants,Full-time,Associate,"Analyst, Finance, and Consulting","Financial Services, Investment Management, and Investment Advice","SQL, Power BI, Tableau, R, Statistics, Communication, Analytical",Chicago,Greater Chicago Area
Business Analyst,2024-08-10,ICONMA,Be among the first 25 applicants,Full-time,Mid-Senior level,Other,IT Services and IT Consulting,"Excel, Microsoft Office, R, Communication, Analytical",Detroit,Detroit
Business Analyst -- Entry Level,2024-08-28,CGI,Over 200 applicants,Full-time,Mid-Senior level,"Research, Analyst, and Information Technology",IT Services and IT Consulting,"R, AWS, Azure, Communication",Dallas,Dallas
Healthcare Business Analyst,2024-08-12,Infosys,Over 200 applicants,Full-time,Mid-Senior level,Consulting,Hospitals and Health Care,"SQL, Excel, R, Communication",Raleigh,Hartford
Business Analyst,2024-08-31,CereCore,160 applicants,Contract,Mid-Senior level,"Research, Analyst, and Information Technology",IT Services and IT Consulting,"R, Communication",Nashville,Nashville
Business Analyst,2024-09-03,"Allied Consultants, Inc.",Over 200 applicants,Contract,Mid-Senior level,Analyst and Information Technology,IT Services and IT Consulting,"Excel, Microsoft Office, R, Communication",Austin,Austin
Business Analyst - RMS,2024-07-09,Steneral Consulting,89 applicants,Contract,Associate,"Research, Analyst, and Information Technology",Software Development,"Python, R, AWS",Chicago,Chicago
"Business Analyst, Construction (REMOTE)",2024-02-29,Serigor Inc,Over 200 applicants,Contract,Mid-Senior level,"Research, Analyst, and Information Technology",Information Technology & Services,"Excel, R, Azure, Communication, Analytical",Raleigh,Raleigh
Senior Business Analyst,2024-08-16,Digital Prospectors,Over 200 applicants,Contract,Mid-Senior level,Business Development and Information Technology,Higher Education,"R, Communication",Boston,Boston
Business Analyst,2024-08-28,Kforce Inc,Over 200 applicants,Contract,Associate,"Research, Analyst, and Information Technology",IT Services and IT Consulting,"Excel, Tableau, R, Communication, Analytical",Kansas City,Kansas City
Senior Business Analyst,2024-08-29,Vivid Resourcing,149 applicants,Contract,Mid-Senior level,Information Technology,Banking,"Excel, R",Charlotte,Charlotte
Business Analyst,2024-04-29,Resourcesys Inc,153 applicants,Full-time,Associate,"Research, Analyst, and Information Technology",Staffing and Recruiting,R,Baltimore,Piscataway
Senior Business Analyst,2024-09-04,Phyton Talent Advisors,Over 200 applicants,Contract,Mid-Senior level,Analyst,"Investment Banking, Investment Management, and Banking","Power BI, R, Communication",New York,New York
"US Prime Business Analyst, US Prime",2024-08-21,Amazon,Over 200 applicants,Full-time,Not Applicable,Business Development and Information Technology,Software Development,"SQL, Excel, Power BI, Tableau, R, Communication, Analytical",Los Angeles,San Diego
Senior Business Analyst,2024-08-27,Harnham,Over 200 applicants,Full-time,Associate,"Analyst, Information Technology, and Research","Transportation, Logistics, Supply Chain and Storage, Automation Machinery Manufacturing, and Financial Services","SQL, Excel, Power BI, Tableau, R, Communication",Houston,Greater Houston
Business Analyst,2024-09-04,Insight Global,Over 200 applicants,Contract,Associate,Business Development and Information Technology,Hospitals and Health Care,R,Dallas,San Antonio
Senior Business Analyst,2024-09-06,Rose International,50 applicants,Temporary,Mid-Senior level,Analyst,Health and Human Services,"Excel, R, AWS",Los Angeles,Pasadena
Senior Business Analyst,2024-03-15,"PM2CM, Inc.",Be among the first 25 applicants,Full-time,Mid-Senior level,Analyst,Non-profit Organizations and Primary and Secondary Education,"Excel, Microsoft Office, R, Communication",Los Angeles,Monterey Park
Business Analyst 2,2024-09-05,SmartIPlace,33 applicants,Full-time,Mid-Senior level,"Research, Analyst, and Information Technology",Information Technology & Services,"Excel, R, Communication",Austin,Texas
Business Analyst,2024-06-27,KYYBA Inc,Be among the first 25 applicants,Full-time,Entry level,"Research, Analyst, and Information Technology",Staffing and Recruiting,"Excel, R, Communication, Analytical",Washington,Olympia
Business Analyst - Claims,2024-08-14,TalentCraft,Over 200 applicants,Full-time,Mid-Senior level,Information Technology,Hospitals and Health Care,R,Chicago,Greater Chicago Area
Business Analyst - Hybrid,2024-08-14,Compass Group USA,Over 200 applicants,Full-time,Associate,Analyst,Food and Beverage Services,"Excel, Microsoft Office, R, Communication, Analytical",Charlotte,Charlotte
"Job Oportunity - Business Analyst- Chicago, IL",2024-08-16,"Donato Technologies, Inc.",33 applicants,Contract,Associate,"Research, Analyst, and Information Technology",IT Services and IT Consulting,"Excel, R, Communication, Analytical",Chicago,Chicago
Business Analyst,2024-08-30,Kforce Inc,Over 200 applicants,Contract,Associate,"Research, Analyst, and Information Technology",Venture Capital and Private Equity Principals and Banking,"R, AWS, Communication",Columbus,Columbus
Business Analyst,2024-09-06,Hollstadt Consulting,104 applicants,Contract,Mid-Senior level,"Analyst, Information Technology, and Consulting","Banking, Financial Services, and Investment Banking","SQL, Excel, R, Communication, Analytical",Minneapolis,Minneapolis
Business Analyst (onsite),2024-04-08,SmartIPlace,165 applicants,Full-time,Associate,"Research, Analyst, and Information Technology",Information Technology & Services,"R, Communication",Orlando,Orlando
Business Analyst,2024-08-30,The Ash Group,Over 200 applicants,Full-time,Mid-Senior level,Analyst,"Utilities and Technology, Information and Media",R,Minneapolis,Denver Metropolitan Area
